Symbol,TargetDate,LatestDate,Updated,RanThisTime,SucceededThisTime,Error
0050.TW,2026-05-22,2026-05-22,True,False,False,
0056.TW,2026-05-22,2026-05-22,True,False,False,
00878.TW,2026-05-22,2026-05-21,False,False,False,
00981A.TW,2026-05-22,2026-05-22,True,False,False,
1102.TW,2026-05-22,2026-05-22,True,False,False,
1215.TW,2026-05-22,2026-05-22,True,False,False,
1216.TW,2026-05-22,2026-05-22,True,False,False,
1301.TW,2026-05-22,2026-05-22,True,False,False,
1303.TW,2026-05-22,2026-05-22,True,False,False,
1319.TW,2026-05-22,2026-05-22,True,False,False,
1336.TW,2026-05-22,2026-05-22,True,False,False,
1402.TW,2026-05-22,2026-05-22,True,False,False,
1471.TW,2026-05-22,2026-05-22,True,False,False,
1477.TW,2026-05-22,2026-05-22,True,False,False,
1569.TW,2026-05-22,2026-05-22,True,False,False,
1582.TW,2026-05-22,2026-05-22,True,False,False,
1595.TW,2026-05-22,2026-05-22,True,False,False,
1785.TW,2026-05-22,2026-05-22,True,False,False,
1815.TW,2026-05-22,2026-05-22,True,False,False,
2002.TW,2026-05-22,2026-05-22,True,False,False,
2006.TW,2026-05-22,2026-05-22,True,False,False,
2027.TW,2026-05-22,2026-05-22,True,False,False,
2059.TW,2026-05-22,2026-05-22,True,False,False,
2105.TW,2026-05-22,2026-05-22,True,False,False,
2207.TW,2026-05-22,2026-05-22,True,False,False,
2211.TW,2026-05-22,2026-05-22,True,False,False,
2301.TW,2026-05-22,2026-05-22,True,False,False,
2302.TW,2026-05-22,2026-05-22,True,False,False,
2303.TW,2026-05-22,2026-05-22,True,False,False,
2305.TW,2026-05-22,2026-05-22,True,False,False,
2308.TW,2026-05-22,2026-05-22,True,False,False,
2312.TW,2026-05-22,2026-05-22,True,False,False,
2313.TW,2026-05-22,2026-05-22,True,False,False,
2314.TW,2026-05-22,2026-05-22,True,False,False,
2316.TW,2026-05-22,2026-05-22,True,False,False,
2317.TW,2026-05-22,2026-05-22,True,False,False,
2321.TW,2026-05-22,2026-05-22,True,False,False,
2323.TW,2026-05-22,2026-05-22,True,False,False,
2324.TW,2026-05-22,2026-05-22,True,False,False,
2327.TW,2026-05-22,2026-05-22,True,False,False,
2328.TW,2026-05-22,2026-05-22,True,False,False,
2329.TW,2026-05-22,2026-05-22,True,False,False,
2330.TW,2026-05-22,2026-05-22,True,False,False,
2331.TW,2026-05-22,2026-05-22,True,False,False,
2332.TW,2026-05-22,2026-05-22,True,False,False,
2337.TW,2026-05-22,2026-05-22,True,False,False,
2338.TW,2026-05-22,2026-05-22,True,False,False,
2340.TW,2026-05-22,2026-05-22,True,False,False,
2342.TW,2026-05-22,2026-05-22,True,False,False,
2344.TW,2026-05-22,2026-05-22,True,False,False,
2345.TW,2026-05-22,2026-05-22,True,False,False,
2347.TW,2026-05-22,2026-05-22,True,False,False,
2349.TW,2026-05-22,2026-05-22,True,False,False,
2351.TW,2026-05-22,2026-05-22,True,False,False,
2352.TW,2026-05-22,2026-05-22,True,False,False,
2353.TW,2026-05-22,2026-05-22,True,False,False,
2354.TW,2026-05-22,2026-05-22,True,False,False,
2355.TW,2026-05-22,2026-05-22,True,False,False,
2356.TW,2026-05-22,2026-05-22,True,False,False,
2357.TW,2026-05-22,2026-05-22,True,False,False,
2359.TW,2026-05-22,2026-05-22,True,False,False,
2360.TW,2026-05-22,2026-05-22,True,False,False,
2362.TW,2026-05-22,2026-05-22,True,False,False,
2363.TW,2026-05-22,2026-05-22,True,False,False,
2364.TW,2026-05-22,2026-05-22,True,False,False,
2365.TW,2026-05-22,2026-05-22,True,False,False,
2367.TW,2026-05-22,2026-05-22,True,False,False,
2368.TW,2026-05-22,2026-05-22,True,False,False,
2369.TW,2026-05-22,2026-05-22,True,False,False,
2373.TW,2026-05-22,2026-05-22,True,False,False,
2374.TW,2026-05-22,2026-05-22,True,False,False,
2375.TW,2026-05-22,2026-05-22,True,False,False,
2376.TW,2026-05-22,2026-05-22,True,False,False,
2377.TW,2026-05-22,2026-05-22,True,False,False,
2379.TW,2026-05-22,2026-05-22,True,False,False,
2380.TW,2026-05-22,2026-05-22,True,False,False,
2382.TW,2026-05-22,2026-05-22,True,False,False,
2383.TW,2026-05-22,2026-05-22,True,False,False,
2385.TW,2026-05-22,2026-05-22,True,False,False,
2387.TW,2026-05-22,2026-05-22,True,False,False,
2388.TW,2026-05-22,2026-05-22,True,False,False,
2390.TW,2026-05-22,2026-05-22,True,False,False,
2392.TW,2026-05-22,2026-05-22,True,False,False,
2393.TW,2026-05-22,2026-05-22,True,False,False,
2395.TW,2026-05-22,2026-05-22,True,False,False,
2397.TW,2026-05-22,2026-05-22,True,False,False,
2399.TW,2026-05-22,2026-05-22,True,False,False,
2401.TW,2026-05-22,2026-05-22,True,False,False,
2402.TW,2026-05-22,2026-05-22,True,False,False,
2404.TW,2026-05-22,2026-05-22,True,False,False,
2405.TW,2026-05-22,2026-05-22,True,False,False,
2406.TW,2026-05-22,2026-05-22,True,False,False,
2408.TW,2026-05-22,2026-05-22,True,False,False,
2409.TW,2026-05-22,2026-05-22,True,False,False,
2412.TW,2026-05-22,2026-05-22,True,False,False,
2413.TW,2026-05-22,2026-05-22,True,False,False,
2414.TW,2026-05-22,2026-05-22,True,False,False,
2415.TW,2026-05-22,2026-05-22,True,False,False,
2417.TW,2026-05-22,2026-05-22,True,False,False,
2419.TW,2026-05-22,2026-05-22,True,False,False,
2420.TW,2026-05-22,2026-05-22,True,False,False,
2421.TW,2026-05-22,2026-05-22,True,False,False,
2423.TW,2026-05-22,2026-05-22,True,False,False,
2424.TW,2026-05-22,2026-05-22,True,False,False,
2425.TW,2026-05-22,2026-05-22,True,False,False,
2426.TW,2026-05-22,2026-05-22,True,False,False,
2427.TW,2026-05-22,2026-05-22,True,False,False,
2428.TW,2026-05-22,2026-05-22,True,False,False,
2429.TW,2026-05-22,2026-05-22,True,False,False,
2430.TW,2026-05-22,2026-05-22,True,False,False,
2431.TW,2026-05-22,2026-05-22,True,False,False,
2432.TW,2026-05-22,2026-05-22,True,False,False,
2433.TW,2026-05-22,2026-05-22,True,False,False,
2434.TW,2026-05-22,2026-05-22,True,False,False,
2436.TW,2026-05-22,2026-05-22,True,False,False,
2438.TW,2026-05-22,2026-05-22,True,False,False,
2439.TW,2026-05-22,2026-05-22,True,False,False,
2440.TW,2026-05-22,2026-05-22,True,False,False,
2441.TW,2026-05-22,2026-05-22,True,False,False,
2444.TW,2026-05-22,2026-05-22,True,False,False,
2449.TW,2026-05-22,2026-05-22,True,False,False,
2450.TW,2026-05-22,2026-05-22,True,False,False,
2451.TW,2026-05-22,2026-05-22,True,False,False,
2453.TW,2026-05-22,2026-05-22,True,False,False,
2454.TW,2026-05-22,2026-05-22,True,False,False,
2455.TW,2026-05-22,2026-05-22,True,False,False,
2457.TW,2026-05-22,2026-05-22,True,False,False,
2458.TW,2026-05-22,2026-05-22,True,False,False,
2459.TW,2026-05-22,2026-05-22,True,False,False,
2460.TW,2026-05-22,2026-05-22,True,False,False,
2461.TW,2026-05-22,2026-05-22,True,False,False,
2462.TW,2026-05-22,2026-05-22,True,False,False,
2464.TW,2026-05-22,2026-05-22,True,False,False,
2465.TW,2026-05-22,2026-05-22,True,False,False,
2466.TW,2026-05-22,2026-05-22,True,False,False,
2467.TW,2026-05-22,2026-05-22,True,False,False,
2468.TW,2026-05-22,2026-05-22,True,False,False,
2471.TW,2026-05-22,2026-05-22,True,False,False,
2472.TW,2026-05-22,2026-05-22,True,False,False,
2474.TW,2026-05-22,2026-05-22,True,False,False,
2476.TW,2026-05-22,2026-05-22,True,False,False,
2477.TW,2026-05-22,2026-05-22,True,False,False,
2478.TW,2026-05-22,2026-05-22,True,False,False,
2480.TW,2026-05-22,2026-05-22,True,False,False,
2481.TW,2026-05-22,2026-05-22,True,False,False,
2482.TW,2026-05-22,2026-05-22,True,False,False,
2483.TW,2026-05-22,2026-05-22,True,False,False,
2484.TW,2026-05-22,2026-05-22,True,False,False,
2485.TW,2026-05-22,2026-05-22,True,False,False,
2486.TW,2026-05-22,2026-05-22,True,False,False,
2488.TW,2026-05-22,2026-05-22,True,False,False,
2489.TW,2026-05-22,2026-05-22,True,False,False,
2491.TW,2026-05-22,2026-05-22,True,False,False,
2492.TW,2026-05-22,2026-05-22,True,False,False,
2493.TW,2026-05-22,2026-05-22,True,False,False,
2495.TW,2026-05-22,2026-05-22,True,False,False,
2498.TW,2026-05-22,2026-05-22,True,False,False,
2504.TW,2026-05-22,2026-05-22,True,False,False,
2603.TW,2026-05-22,2026-05-22,True,False,False,
2606.TW,2026-05-22,2026-05-22,True,False,False,
2609.TW,2026-05-22,2026-05-22,True,False,False,
2618.TW,2026-05-22,2026-05-22,True,False,False,
2637.TW,2026-05-22,2026-05-22,True,False,False,
2640.TW,2026-05-22,2026-05-22,True,False,False,
2645.TW,2026-05-22,2026-05-22,True,False,False,
2880.TW,2026-05-22,2026-05-22,True,False,False,
2881.TW,2026-05-22,2026-05-22,True,False,False,
2882.TW,2026-05-22,2026-05-22,True,False,False,
2883.TW,2026-05-22,2026-05-22,True,False,False,
2884.TW,2026-05-22,2026-05-22,True,False,False,
2885.TW,2026-05-22,2026-05-22,True,False,False,
2886.TW,2026-05-22,2026-05-22,True,False,False,
2887.TW,2026-05-22,2026-05-22,True,False,False,
2890.TW,2026-05-22,2026-05-22,True,False,False,
2891.TW,2026-05-22,2026-05-22,True,False,False,
2892.TW,2026-05-22,2026-05-22,True,False,False,
2949.TW,2026-05-22,2026-05-22,True,False,False,
3002.TW,2026-05-22,2026-05-22,True,False,False,
3003.TW,2026-05-22,2026-05-22,True,False,False,
3005.TW,2026-05-22,2026-05-22,True,False,False,
3006.TW,2026-05-22,2026-05-22,True,False,False,
3008.TW,2026-05-22,2026-05-22,True,False,False,
3010.TW,2026-05-22,2026-05-22,True,False,False,
3011.TW,2026-05-22,2026-05-22,True,False,False,
3013.TW,2026-05-22,2026-05-22,True,False,False,
3014.TW,2026-05-22,2026-05-22,True,False,False,
3015.TW,2026-05-22,2026-05-22,True,False,False,
3016.TW,2026-05-22,2026-05-22,True,False,False,
3017.TW,2026-05-22,2026-05-22,True,False,False,
3018.TW,2026-05-22,2026-05-22,True,False,False,
3019.TW,2026-05-22,2026-05-22,True,False,False,
3021.TW,2026-05-22,2026-05-22,True,False,False,
3022.TW,2026-05-22,2026-05-22,True,False,False,
3023.TW,2026-05-22,2026-05-21,False,False,False,
3024.TW,2026-05-22,2026-05-22,True,False,False,
3025.TW,2026-05-22,2026-05-22,True,False,False,
3026.TW,2026-05-22,2026-05-22,True,False,False,
3027.TW,2026-05-22,2026-05-22,True,False,False,
3028.TW,2026-05-22,2026-05-22,True,False,False,
3029.TW,2026-05-22,2026-05-22,True,False,False,
3030.TW,2026-05-22,2026-05-22,True,False,False,
3031.TW,2026-05-22,2026-05-22,True,False,False,
3032.TW,2026-05-22,2026-05-22,True,False,False,
3033.TW,2026-05-22,2026-05-22,True,False,False,
3034.TW,2026-05-22,2026-05-22,True,False,False,
3035.TW,2026-05-22,2026-05-22,True,False,False,
3036.TW,2026-05-22,2026-05-22,True,False,False,
3037.TW,2026-05-22,2026-05-22,True,False,False,
3038.TW,2026-05-22,2026-05-22,True,False,False,
3041.TW,2026-05-22,2026-05-22,True,False,False,
3042.TW,2026-05-22,2026-05-22,True,False,False,
3043.TW,2026-05-22,2026-05-22,True,False,False,
3044.TW,2026-05-22,2026-05-22,True,False,False,
3045.TW,2026-05-22,2026-05-22,True,False,False,
3046.TW,2026-05-22,2026-05-22,True,False,False,
3047.TW,2026-05-22,2026-05-22,True,False,False,
3048.TW,2026-05-22,2026-05-22,True,False,False,
3049.TW,2026-05-22,2026-05-22,True,False,False,
3050.TW,2026-05-22,2026-05-22,True,False,False,
3051.TW,2026-05-22,2026-05-22,True,False,False,
3055.TW,2026-05-22,2026-05-22,True,False,False,
3057.TW,2026-05-22,2026-05-22,True,False,False,
3058.TW,2026-05-22,2026-05-22,True,False,False,
3059.TW,2026-05-22,2026-05-22,True,False,False,
3060.TW,2026-05-22,2026-05-22,True,False,False,
3062.TW,2026-05-22,2026-05-22,True,False,False,
3066.TW,2026-05-22,2026-05-22,True,False,False,
3067.TW,2026-05-22,2026-05-22,True,False,False,
3071.TW,2026-05-22,2026-05-22,True,False,False,
3078.TW,2026-05-22,2026-05-22,True,False,False,
3081.TW,2026-05-22,2026-05-22,True,False,False,
3085.TW,2026-05-22,2026-05-22,True,False,False,
3088.TW,2026-05-22,2026-05-22,True,False,False,
3090.TW,2026-05-22,2026-05-22,True,False,False,
3092.TW,2026-05-22,2026-05-22,True,False,False,
3093.TW,2026-05-22,2026-05-22,True,False,False,
3094.TW,2026-05-22,2026-05-22,True,False,False,
3095.TW,2026-05-22,2026-05-22,True,False,False,
3105.TW,2026-05-22,2026-05-22,True,False,False,
3114.TW,2026-05-22,2026-05-22,True,False,False,
3115.TW,2026-05-22,2026-05-22,True,False,False,
3122.TW,2026-05-22,2026-05-22,True,False,False,
3128.TW,2026-05-22,2026-05-22,True,False,False,
3130.TW,2026-05-22,2026-05-22,True,False,False,
3131.TW,2026-05-22,2026-05-22,True,False,False,
3135.TW,2026-05-22,2026-05-22,True,False,False,
3138.TW,2026-05-22,2026-05-22,True,False,False,
3141.TW,2026-05-22,2026-05-22,True,False,False,
3147.TW,2026-05-22,2026-05-22,True,False,False,
3149.TW,2026-05-22,2026-05-22,True,False,False,
3150.TW,2026-05-22,2026-05-22,True,False,False,
3152.TW,2026-05-22,2026-05-22,True,False,False,
3158.TW,2026-05-22,2026-05-22,True,False,False,
3163.TW,2026-05-22,2026-05-22,True,False,False,
3168.TW,2026-05-22,2026-05-22,True,False,False,
3169.TW,2026-05-22,2026-05-22,True,False,False,
3178.TW,2026-05-22,2026-05-22,True,False,False,
3189.TW,2026-05-22,2026-05-22,True,False,False,
3191.TW,2026-05-22,2026-05-22,True,False,False,
3206.TW,2026-05-22,2026-05-22,True,False,False,
3207.TW,2026-05-22,2026-05-22,True,False,False,
3209.TW,2026-05-22,2026-05-22,True,False,False,
3211.TW,2026-05-22,2026-05-22,True,False,False,
3213.TW,2026-05-22,2026-05-22,True,False,False,
3217.TW,2026-05-22,2026-05-22,True,False,False,
3219.TW,2026-05-22,2026-05-22,True,False,False,
3221.TW,2026-05-22,2026-05-22,True,False,False,
3224.TW,2026-05-22,2026-05-22,True,False,False,
3227.TW,2026-05-22,2026-05-22,True,False,False,
3228.TW,2026-05-22,2026-05-22,True,False,False,
3229.TW,2026-05-22,2026-05-22,True,False,False,
3230.TW,2026-05-22,2026-05-22,True,False,False,
3231.TW,2026-05-22,2026-05-22,True,False,False,
3232.TW,2026-05-22,2026-05-22,True,False,False,
3234.TW,2026-05-22,2026-05-22,True,False,False,
3236.TW,2026-05-22,2026-05-22,True,False,False,
3257.TW,2026-05-22,2026-05-22,True,False,False,
3259.TW,2026-05-22,2026-05-22,True,False,False,
3260.TW,2026-05-22,2026-05-22,True,False,False,
3264.TW,2026-05-22,2026-05-22,True,False,False,
3265.TW,2026-05-22,2026-05-22,True,False,False,
3268.TW,2026-05-22,2026-05-22,True,False,False,
3272.TW,2026-05-22,2026-05-22,True,False,False,
3276.TW,2026-05-22,2026-05-22,True,False,False,
3285.TW,2026-05-22,2026-05-22,True,False,False,
3287.TW,2026-05-22,2026-05-22,True,False,False,
3288.TW,2026-05-22,2026-05-22,True,False,False,
3289.TW,2026-05-22,2026-05-22,True,False,False,
3290.TW,2026-05-22,2026-05-22,True,False,False,
3293.TW,2026-05-22,2026-05-22,True,False,False,
3294.TW,2026-05-22,2026-05-22,True,False,False,
3296.TW,2026-05-22,2026-05-22,True,False,False,
3297.TW,2026-05-22,2026-05-22,True,False,False,
3303.TW,2026-05-22,2026-05-22,True,False,False,
3305.TW,2026-05-22,2026-05-22,True,False,False,
3306.TW,2026-05-22,2026-05-22,True,False,False,
3308.TW,2026-05-22,2026-05-21,False,False,False,
3310.TW,2026-05-22,2026-05-22,True,False,False,
3311.TW,2026-05-22,2026-05-22,True,False,False,
3312.TW,2026-05-22,2026-05-22,True,False,False,
3317.TW,2026-05-22,2026-05-22,True,False,False,
3321.TW,2026-05-22,2026-05-22,True,False,False,
3322.TW,2026-05-22,2026-05-22,True,False,False,
3323.TW,2026-05-22,2026-05-22,True,False,False,
3324.TW,2026-05-22,2026-05-22,True,False,False,
3325.TW,2026-05-22,2026-05-22,True,False,False,
3332.TW,2026-05-22,2026-05-22,True,False,False,
3338.TW,2026-05-22,2026-05-22,True,False,False,
3339.TW,2026-05-22,2026-05-22,True,False,False,
3349.TW,2026-05-22,2026-05-22,True,False,False,
3354.TW,2026-05-22,2026-05-22,True,False,False,
3356.TW,2026-05-22,2026-05-22,True,False,False,
3357.TW,2026-05-22,2026-05-22,True,False,False,
3360.TW,2026-05-22,2026-05-22,True,False,False,
3362.TW,2026-05-22,2026-05-22,True,False,False,
3363.TW,2026-05-22,2026-05-22,True,False,False,
3372.TW,2026-05-22,2026-05-22,True,False,False,
3373.TW,2026-05-22,2026-05-22,True,False,False,
3374.TW,2026-05-22,2026-05-22,True,False,False,
3376.TW,2026-05-22,2026-05-22,True,False,False,
3380.TW,2026-05-22,2026-05-22,True,False,False,
3388.TW,2026-05-22,2026-05-22,True,False,False,
3390.TW,2026-05-22,2026-05-22,True,False,False,
3402.TW,2026-05-22,2026-05-22,True,False,False,
3406.TW,2026-05-22,2026-05-22,True,False,False,
3413.TW,2026-05-22,2026-05-22,True,False,False,
3416.TW,2026-05-22,2026-05-22,True,False,False,
3419.TW,2026-05-22,2026-05-22,True,False,False,
3432.TW,2026-05-22,2026-05-22,True,False,False,
3434.TW,2026-05-22,2026-05-22,True,False,False,
3437.TW,2026-05-22,2026-05-22,True,False,False,
3438.TW,2026-05-22,2026-05-22,True,False,False,
3441.TW,2026-05-22,2026-05-22,True,False,False,
3443.TW,2026-05-22,2026-05-22,True,False,False,
3444.TW,2026-05-22,2026-05-22,True,False,False,
3447.TW,2026-05-22,2026-05-22,True,False,False,
3450.TW,2026-05-22,2026-05-22,True,False,False,
3455.TW,2026-05-22,2026-05-22,True,False,False,
3465.TW,2026-05-22,2026-05-22,True,False,False,
3466.TW,2026-05-22,2026-05-22,True,False,False,
3467.TW,2026-05-22,2026-05-22,True,False,False,
3479.TW,2026-05-22,2026-05-22,True,False,False,
3481.TW,2026-05-22,2026-05-22,True,False,False,
3483.TW,2026-05-22,2026-05-22,True,False,False,
3484.TW,2026-05-22,2026-05-22,True,False,False,
3485.TW,2026-05-22,2026-05-22,True,False,False,
3490.TW,2026-05-22,2026-05-22,True,False,False,
3491.TW,2026-05-22,2026-05-22,True,False,False,
3492.TW,2026-05-22,2026-05-22,True,False,False,
3494.TW,2026-05-22,2026-05-22,True,False,False,
3498.TW,2026-05-22,2026-05-22,True,False,False,
3499.TW,2026-05-22,2026-05-22,True,False,False,
3501.TW,2026-05-22,2026-05-22,True,False,False,
3504.TW,2026-05-22,2026-05-22,True,False,False,
3508.TW,2026-05-22,2026-05-22,True,False,False,
3511.TW,2026-05-22,2026-05-22,True,False,False,
3515.TW,2026-05-22,2026-05-22,True,False,False,
3516.TW,2026-05-22,2026-05-22,True,False,False,
3518.TW,2026-05-22,2026-05-22,True,False,False,
3520.TW,2026-05-22,2026-05-22,True,False,False,
3523.TW,2026-05-22,2026-05-22,True,False,False,
3526.TW,2026-05-22,2026-05-22,True,False,False,
3527.TW,2026-05-22,2026-05-22,True,False,False,
3528.TW,2026-05-22,2026-05-22,True,False,False,
3529.TW,2026-05-22,2026-05-22,True,False,False,
3530.TW,2026-05-22,2026-05-22,True,False,False,
3531.TW,2026-05-22,2026-05-22,True,False,False,
3532.TW,2026-05-22,2026-05-22,True,False,False,
3533.TW,2026-05-22,2026-05-22,True,False,False,
3535.TW,2026-05-22,2026-05-22,True,False,False,
3537.TW,2026-05-22,2026-05-22,True,False,False,
3540.TW,2026-05-22,2026-05-22,True,False,False,
3541.TW,2026-05-22,2026-05-22,True,False,False,
3543.TW,2026-05-22,2026-05-22,True,False,False,
3545.TW,2026-05-22,2026-05-22,True,False,False,
3548.TW,2026-05-22,2026-05-22,True,False,False,
3550.TW,2026-05-22,2026-05-22,True,False,False,
3552.TW,2026-05-22,2026-05-22,True,False,False,
3555.TW,2026-05-22,2026-05-22,True,False,False,
3556.TW,2026-05-22,2026-05-22,True,False,False,
3558.TW,2026-05-22,2026-05-22,True,False,False,
3563.TW,2026-05-22,2026-05-22,True,False,False,
3564.TW,2026-05-22,2026-05-22,True,False,False,
3567.TW,2026-05-22,2026-05-22,True,False,False,
3570.TW,2026-05-22,2026-05-22,True,False,False,
3576.TW,2026-05-22,2026-05-22,True,False,False,
3577.TW,2026-05-22,2026-05-22,True,False,False,
3580.TW,2026-05-22,2026-05-22,True,False,False,
3581.TW,2026-05-22,2026-05-22,True,False,False,
3583.TW,2026-05-22,2026-05-22,True,False,False,
3587.TW,2026-05-22,2026-05-22,True,False,False,
3588.TW,2026-05-22,2026-05-22,True,False,False,
3591.TW,2026-05-22,2026-05-22,True,False,False,
3592.TW,2026-05-22,2026-05-22,True,False,False,
3593.TW,2026-05-22,2026-05-22,True,False,False,
3594.TW,2026-05-22,2026-05-22,True,False,False,
3596.TW,2026-05-22,2026-05-22,True,False,False,
3597.TW,2026-05-22,2026-05-22,True,False,False,
3605.TW,2026-05-22,2026-05-21,False,False,False,
3607.TW,2026-05-22,2026-05-22,True,False,False,
3609.TW,2026-05-22,2026-05-22,True,False,False,
3611.TW,2026-05-22,2026-05-22,True,False,False,
3615.TW,2026-05-22,2026-05-22,True,False,False,
3617.TW,2026-05-22,2026-05-22,True,False,False,
3622.TW,2026-05-22,2026-05-22,True,False,False,
3623.TW,2026-05-22,2026-05-22,True,False,False,
3624.TW,2026-05-22,2026-05-22,True,False,False,
3625.TW,2026-05-22,2026-05-22,True,False,False,
3628.TW,2026-05-22,2026-05-22,True,False,False,
3630.TW,2026-05-22,2026-05-22,True,False,False,
3631.TW,2026-05-22,2026-05-22,True,False,False,
3632.TW,2026-05-22,2026-05-22,True,False,False,
3645.TW,2026-05-22,2026-05-22,True,False,False,
3646.TW,2026-05-22,2026-05-22,True,False,False,
3652.TW,2026-05-22,2026-05-22,True,False,False,
3653.TW,2026-05-22,2026-05-22,True,False,False,
3661.TW,2026-05-22,2026-05-22,True,False,False,
3663.TW,2026-05-22,2026-05-22,True,False,False,
3664.TW,2026-05-22,2026-05-22,True,False,False,
3665.TW,2026-05-22,2026-05-22,True,False,False,
3666.TW,2026-05-22,2026-05-22,True,False,False,
3669.TW,2026-05-22,2026-05-22,True,False,False,
3672.TW,2026-05-22,2026-05-22,True,False,False,
3673.TW,2026-05-22,2026-05-22,True,False,False,
3675.TW,2026-05-22,2026-05-22,True,False,False,
3679.TW,2026-05-22,2026-05-21,False,False,False,
3680.TW,2026-05-22,2026-05-22,True,False,False,
3684.TW,2026-05-22,2026-05-22,True,False,False,
3686.TW,2026-05-22,2026-05-22,True,False,False,
3687.TW,2026-05-22,2026-05-22,True,False,False,
3689.TW,2026-05-22,2026-05-22,True,False,False,
3691.TW,2026-05-22,2026-05-22,True,False,False,
3693.TW,2026-05-22,2026-05-22,True,False,False,
3694.TW,2026-05-22,2026-05-22,True,False,False,
3701.TW,2026-05-22,2026-05-22,True,False,False,
3702.TW,2026-05-22,2026-05-22,True,False,False,
3704.TW,2026-05-22,2026-05-22,True,False,False,
3706.TW,2026-05-22,2026-05-22,True,False,False,
3707.TW,2026-05-22,2026-05-22,True,False,False,
3709.TW,2026-05-22,2026-05-22,True,False,False,
3710.TW,2026-05-22,2026-05-22,True,False,False,
3711.TW,2026-05-22,2026-05-22,True,False,False,
3712.TW,2026-05-22,2026-05-22,True,False,False,
3714.TW,2026-05-22,2026-05-22,True,False,False,
3715.TW,2026-05-22,2026-05-22,True,False,False,
4542.TW,2026-05-22,2026-05-22,True,False,False,
4545.TW,2026-05-22,2026-05-22,True,False,False,
4554.TW,2026-05-22,2026-05-22,True,False,False,
4577.TW,2026-05-22,2026-05-22,True,False,False,
4585.TW,2026-05-22,2026-05-22,True,False,False,
4588.TW,2026-05-22,2026-05-22,True,False,False,
4729.TW,2026-05-22,2026-05-22,True,False,False,
4749.TW,2026-05-22,2026-05-22,True,False,False,
4760.TW,2026-05-22,2026-05-22,True,False,False,
4763.TW,2026-05-22,2026-05-22,True,False,False,
4903.TW,2026-05-22,2026-05-22,True,False,False,
4904.TW,2026-05-22,2026-05-22,True,False,False,
4905.TW,2026-05-22,2026-05-22,True,False,False,
4906.TW,2026-05-22,2026-05-22,True,False,False,
4908.TW,2026-05-22,2026-05-22,True,False,False,
4909.TW,2026-05-22,2026-05-22,True,False,False,
4912.TW,2026-05-22,2026-05-22,True,False,False,
4915.TW,2026-05-22,2026-05-22,True,False,False,
4916.TW,2026-05-22,2026-05-22,True,False,False,
4919.TW,2026-05-22,2026-05-22,True,False,False,
4923.TW,2026-05-22,2026-05-22,True,False,False,
4924.TW,2026-05-22,2026-05-22,True,False,False,
4927.TW,2026-05-22,2026-05-22,True,False,False,
4931.TW,2026-05-22,2026-05-22,True,False,False,
4933.TW,2026-05-22,2026-05-22,True,False,False,
4934.TW,2026-05-22,2026-05-22,True,False,False,
4935.TW,2026-05-22,2026-05-22,True,False,False,
4938.TW,2026-05-22,2026-05-22,True,False,False,
4939.TW,2026-05-22,2026-05-22,True,False,False,
4942.TW,2026-05-22,2026-05-22,True,False,False,
4943.TW,2026-05-22,2026-05-22,True,False,False,
4949.TW,2026-05-22,2026-05-22,True,False,False,
4951.TW,2026-05-22,2026-05-22,True,False,False,
4952.TW,2026-05-22,2026-05-22,True,False,False,
4953.TW,2026-05-22,2026-05-22,True,False,False,
4956.TW,2026-05-22,2026-05-22,True,False,False,
4958.TW,2026-05-22,2026-05-22,True,False,False,
4960.TW,2026-05-22,2026-05-22,True,False,False,
4961.TW,2026-05-22,2026-05-22,True,False,False,
4966.TW,2026-05-22,2026-05-22,True,False,False,
4967.TW,2026-05-22,2026-05-22,True,False,False,
4968.TW,2026-05-22,2026-05-22,True,False,False,
4971.TW,2026-05-22,2026-05-22,True,False,False,
4972.TW,2026-05-22,2026-05-22,True,False,False,
4973.TW,2026-05-22,2026-05-22,True,False,False,
4974.TW,2026-05-22,2026-05-22,True,False,False,
4976.TW,2026-05-22,2026-05-22,True,False,False,
4977.TW,2026-05-22,2026-05-22,True,False,False,
4979.TW,2026-05-22,2026-05-22,True,False,False,
4987.TW,2026-05-22,2026-05-20,False,False,False,
4989.TW,2026-05-22,2026-05-22,True,False,False,
4991.TW,2026-05-22,2026-05-22,True,False,False,
4994.TW,2026-05-22,2026-05-22,True,False,False,
4995.TW,2026-05-22,2026-05-22,True,False,False,
4999.TW,2026-05-22,2026-05-22,True,False,False,
5201.TW,2026-05-22,2026-05-22,True,False,False,
5202.TW,2026-05-22,2026-05-22,True,False,False,
5203.TW,2026-05-22,2026-05-22,True,False,False,
5210.TW,2026-05-22,2026-05-22,True,False,False,
5211.TW,2026-05-22,2026-05-22,True,False,False,
5212.TW,2026-05-22,2026-05-22,True,False,False,
5215.TW,2026-05-22,2026-05-22,True,False,False,
5220.TW,2026-05-22,2026-05-22,True,False,False,
5222.TW,2026-05-22,2026-05-22,True,False,False,
5223.TW,2026-05-22,2026-05-22,True,False,False,
5225.TW,2026-05-22,2026-05-22,True,False,False,
5227.TW,2026-05-22,2026-05-22,True,False,False,
5228.TW,2026-05-22,2026-05-22,True,False,False,
5230.TW,2026-05-22,2026-05-22,True,False,False,
5234.TW,2026-05-22,2026-05-22,True,False,False,
5236.TW,2026-05-22,2026-05-22,True,False,False,
5243.TW,2026-05-22,2026-05-22,True,False,False,
5244.TW,2026-05-22,2026-05-22,True,False,False,
5245.TW,2026-05-22,2026-05-22,True,False,False,
5251.TW,2026-05-22,2026-05-22,True,False,False,
5258.TW,2026-05-22,2026-05-22,True,False,False,
5269.TW,2026-05-22,2026-05-22,True,False,False,
5272.TW,2026-05-22,2026-05-22,True,False,False,
5274.TW,2026-05-22,2026-05-22,True,False,False,
5278.TW,2026-05-22,2026-05-22,True,False,False,
5285.TW,2026-05-22,2026-05-22,True,False,False,
5287.TW,2026-05-22,2026-05-22,True,False,False,
5289.TW,2026-05-22,2026-05-22,True,False,False,
5291.TW,2026-05-22,2026-05-22,True,False,False,
5299.TW,2026-05-22,2026-05-22,True,False,False,
5302.TW,2026-05-22,2026-05-22,True,False,False,
5309.TW,2026-05-22,2026-05-22,True,False,False,
5310.TW,2026-05-22,2026-05-22,True,False,False,
5315.TW,2026-05-22,2026-05-22,True,False,False,
5321.TW,2026-05-22,2026-05-22,True,False,False,
5328.TW,2026-05-22,2026-05-22,True,False,False,
5340.TW,2026-05-22,2026-05-22,True,False,False,
5344.TW,2026-05-22,2026-05-22,True,False,False,
5347.TW,2026-05-22,2026-05-22,True,False,False,
5351.TW,2026-05-22,2026-05-22,True,False,False,
5353.TW,2026-05-22,2026-05-22,True,False,False,
5355.TW,2026-05-22,2026-05-22,True,False,False,
5356.TW,2026-05-22,2026-05-22,True,False,False,
5371.TW,2026-05-22,2026-05-22,True,False,False,
5381.TW,2026-05-22,2026-05-22,True,False,False,
5386.TW,2026-05-22,2026-05-22,True,False,False,
5388.TW,2026-05-22,2026-05-22,True,False,False,
5392.TW,2026-05-22,2026-05-22,True,False,False,
5403.TW,2026-05-22,2026-05-22,True,False,False,
5410.TW,2026-05-22,2026-05-22,True,False,False,
5425.TW,2026-05-22,2026-05-22,True,False,False,
5426.TW,2026-05-22,2026-05-22,True,False,False,
5434.TW,2026-05-22,2026-05-22,True,False,False,
5438.TW,2026-05-22,2026-05-22,True,False,False,
5439.TW,2026-05-22,2026-05-22,True,False,False,
5443.TW,2026-05-22,2026-05-22,True,False,False,
5452.TW,2026-05-22,2026-05-22,True,False,False,
5457.TW,2026-05-22,2026-05-22,True,False,False,
5460.TW,2026-05-22,2026-05-22,True,False,False,
5464.TW,2026-05-22,2026-05-22,True,False,False,
5465.TW,2026-05-22,2026-05-22,True,False,False,
5468.TW,2026-05-22,2026-05-22,True,False,False,
5469.TW,2026-05-22,2026-05-22,True,False,False,
5471.TW,2026-05-22,2026-05-22,True,False,False,
5474.TW,2026-05-22,2026-05-22,True,False,False,
5475.TW,2026-05-22,2026-05-22,True,False,False,
5483.TW,2026-05-22,2026-05-22,True,False,False,
5484.TW,2026-05-22,2026-05-22,True,False,False,
5487.TW,2026-05-22,2026-05-22,True,False,False,
5488.TW,2026-05-22,2026-05-22,True,False,False,
5489.TW,2026-05-22,2026-05-22,True,False,False,
5490.TW,2026-05-22,2026-05-22,True,False,False,
5493.TW,2026-05-22,2026-05-22,True,False,False,
5498.TW,2026-05-22,2026-05-22,True,False,False,
5522.TW,2026-05-22,2026-05-22,True,False,False,
5536.TW,2026-05-22,2026-05-22,True,False,False,
5871.TW,2026-05-22,2026-05-22,True,False,False,
5876.TW,2026-05-22,2026-05-22,True,False,False,
5880.TW,2026-05-22,2026-05-22,True,False,False,
6005.TW,2026-05-22,2026-05-22,True,False,False,
6103.TW,2026-05-22,2026-05-22,True,False,False,
6104.TW,2026-05-22,2026-05-22,True,False,False,
6108.TW,2026-05-22,2026-05-22,True,False,False,
6109.TW,2026-05-22,2026-05-22,True,False,False,
6112.TW,2026-05-22,2026-05-22,True,False,False,
6113.TW,2026-05-22,2026-05-22,True,False,False,
6114.TW,2026-05-22,2026-05-22,True,False,False,
6115.TW,2026-05-22,2026-05-22,True,False,False,
6116.TW,2026-05-22,2026-05-22,True,False,False,
6117.TW,2026-05-22,2026-05-22,True,False,False,
6118.TW,2026-05-22,2026-05-22,True,False,False,
6120.TW,2026-05-22,2026-05-22,True,False,False,
6121.TW,2026-05-22,2026-05-22,True,False,False,
6123.TW,2026-05-22,2026-05-22,True,False,False,
6124.TW,2026-05-22,2026-05-22,True,False,False,
6125.TW,2026-05-22,2026-05-22,True,False,False,
6126.TW,2026-05-22,2026-05-22,True,False,False,
6127.TW,2026-05-22,2026-05-22,True,False,False,
6128.TW,2026-05-22,2026-05-22,True,False,False,
6129.TW,2026-05-22,2026-05-22,True,False,False,
6133.TW,2026-05-22,2026-05-22,True,False,False,
6134.TW,2026-05-22,2026-05-22,True,False,False,
6136.TW,2026-05-22,2026-05-22,True,False,False,
6138.TW,2026-05-22,2026-05-22,True,False,False,
6139.TW,2026-05-22,2026-05-22,True,False,False,
6140.TW,2026-05-22,2026-05-22,True,False,False,
6141.TW,2026-05-22,2026-05-22,True,False,False,
6142.TW,2026-05-22,2026-05-22,True,False,False,
6143.TW,2026-05-22,2026-05-22,True,False,False,
6146.TW,2026-05-22,2026-05-22,True,False,False,
6147.TW,2026-05-22,2026-05-22,True,False,False,
6148.TW,2026-05-22,2026-05-22,True,False,False,
6150.TW,2026-05-22,2026-05-22,True,False,False,
6151.TW,2026-05-22,2026-05-22,True,False,False,
6152.TW,2026-05-22,2026-05-22,True,False,False,
6153.TW,2026-05-22,2026-05-22,True,False,False,
6154.TW,2026-05-22,2026-05-22,True,False,False,
6155.TW,2026-05-22,2026-05-22,True,False,False,
6156.TW,2026-05-22,2026-05-22,True,False,False,
6158.TW,2026-05-22,2026-05-22,True,False,False,
6160.TW,2026-05-22,2026-05-22,True,False,False,
6161.TW,2026-05-22,2026-05-22,True,False,False,
6163.TW,2026-05-22,2026-05-22,True,False,False,
6164.TW,2026-05-22,2026-05-22,True,False,False,
6165.TW,2026-05-22,2026-05-22,True,False,False,
6166.TW,2026-05-22,2026-05-22,True,False,False,
6167.TW,2026-05-22,2026-05-22,True,False,False,
6168.TW,2026-05-22,2026-05-22,True,False,False,
6170.TW,2026-05-22,2026-05-22,True,False,False,
6173.TW,2026-05-22,2026-05-22,True,False,False,
6174.TW,2026-05-22,2026-05-22,True,False,False,
6175.TW,2026-05-22,2026-05-22,True,False,False,
6176.TW,2026-05-22,2026-05-22,True,False,False,
6182.TW,2026-05-22,2026-05-22,True,False,False,
6183.TW,2026-05-22,2026-05-22,True,False,False,
6185.TW,2026-05-22,2026-05-22,True,False,False,
6187.TW,2026-05-22,2026-05-22,True,False,False,
6188.TW,2026-05-22,2026-05-22,True,False,False,
6189.TW,2026-05-22,2026-05-22,True,False,False,
6190.TW,2026-05-22,2026-05-22,True,False,False,
6191.TW,2026-05-22,2026-05-22,True,False,False,
6192.TW,2026-05-22,2026-05-22,True,False,False,
6194.TW,2026-05-22,2026-05-22,True,False,False,
6196.TW,2026-05-22,2026-05-22,True,False,False,
6197.TW,2026-05-22,2026-05-22,True,False,False,
6201.TW,2026-05-22,2026-05-22,True,False,False,
6202.TW,2026-05-22,2026-05-22,True,False,False,
6203.TW,2026-05-22,2026-05-22,True,False,False,
6204.TW,2026-05-22,2026-05-22,True,False,False,
6205.TW,2026-05-22,2026-05-22,True,False,False,
6206.TW,2026-05-22,2026-05-22,True,False,False,
6207.TW,2026-05-22,2026-05-22,True,False,False,
6208.TW,2026-05-22,2026-05-22,True,False,False,
6209.TW,2026-05-22,2026-05-22,True,False,False,
6210.TW,2026-05-22,2026-05-22,True,False,False,
6213.TW,2026-05-22,2026-05-22,True,False,False,
6214.TW,2026-05-22,2026-05-22,True,False,False,
6215.TW,2026-05-22,2026-05-22,True,False,False,
6216.TW,2026-05-22,2026-05-22,True,False,False,
6217.TW,2026-05-22,2026-05-22,True,False,False,
6218.TW,2026-05-22,2026-05-22,True,False,False,
6220.TW,2026-05-22,2026-05-22,True,False,False,
6221.TW,2026-05-22,2026-05-22,True,False,False,
6222.TW,2026-05-22,2026-05-22,True,False,False,
6223.TW,2026-05-22,2026-05-22,True,False,False,
6224.TW,2026-05-22,2026-05-22,True,False,False,
6225.TW,2026-05-22,2026-05-22,True,False,False,
6226.TW,2026-05-22,2026-05-22,True,False,False,
6227.TW,2026-05-22,2026-05-22,True,False,False,
6228.TW,2026-05-22,2026-05-22,True,False,False,
6229.TW,2026-05-22,2026-05-22,True,False,False,
6230.TW,2026-05-22,2026-05-22,True,False,False,
6231.TW,2026-05-22,2026-05-22,True,False,False,
6233.TW,2026-05-22,2026-05-22,True,False,False,
6234.TW,2026-05-22,2026-05-22,True,False,False,
6235.TW,2026-05-22,2026-05-22,True,False,False,
6237.TW,2026-05-22,2026-05-22,True,False,False,
6239.TW,2026-05-22,2026-05-22,True,False,False,
6240.TW,2026-05-22,2026-05-22,True,False,False,
6241.TW,2026-05-22,2026-05-22,True,False,False,
6243.TW,2026-05-22,2026-05-22,True,False,False,
6244.TW,2026-05-22,2026-05-22,True,False,False,
6245.TW,2026-05-22,2026-05-22,True,False,False,
6246.TW,2026-05-22,2026-05-22,True,False,False,
6257.TW,2026-05-22,2026-05-22,True,False,False,
6259.TW,2026-05-22,2026-05-22,True,False,False,
6261.TW,2026-05-22,2026-05-22,True,False,False,
6263.TW,2026-05-22,2026-05-22,True,False,False,
6265.TW,2026-05-22,2026-05-22,True,False,False,
6266.TW,2026-05-22,2026-05-22,True,False,False,
6269.TW,2026-05-22,2026-05-22,True,False,False,
6270.TW,2026-05-22,2026-05-22,True,False,False,
6271.TW,2026-05-22,2026-05-22,True,False,False,
6272.TW,2026-05-22,2026-05-22,True,False,False,
6274.TW,2026-05-22,2026-05-22,True,False,False,
6275.TW,2026-05-22,2026-05-22,True,False,False,
6276.TW,2026-05-22,2026-05-22,True,False,False,
6277.TW,2026-05-22,2026-05-22,True,False,False,
6278.TW,2026-05-22,2026-05-22,True,False,False,
6279.TW,2026-05-22,2026-05-22,True,False,False,
6281.TW,2026-05-22,2026-05-22,True,False,False,
6282.TW,2026-05-22,2026-05-22,True,False,False,
6283.TW,2026-05-22,2026-05-22,True,False,False,
6284.TW,2026-05-22,2026-05-22,True,False,False,
6285.TW,2026-05-22,2026-05-22,True,False,False,
6290.TW,2026-05-22,2026-05-22,True,False,False,
6291.TW,2026-05-22,2026-05-22,True,False,False,
6292.TW,2026-05-22,2026-05-22,True,False,False,
6405.TW,2026-05-22,2026-05-22,True,False,False,
6409.TW,2026-05-22,2026-05-22,True,False,False,
6411.TW,2026-05-22,2026-05-22,True,False,False,
6412.TW,2026-05-22,2026-05-22,True,False,False,
6414.TW,2026-05-22,2026-05-22,True,False,False,
6415.TW,2026-05-22,2026-05-22,True,False,False,
6416.TW,2026-05-22,2026-05-22,True,False,False,
6417.TW,2026-05-22,2026-05-22,True,False,False,
6418.TW,2026-05-22,2026-05-22,True,False,False,
6419.TW,2026-05-22,2026-05-22,True,False,False,
6423.TW,2026-05-22,2026-05-22,True,False,False,
6426.TW,2026-05-22,2026-05-22,True,False,False,
6432.TW,2026-05-22,2026-05-22,True,False,False,
6435.TW,2026-05-22,2026-05-22,True,False,False,
6438.TW,2026-05-22,2026-05-22,True,False,False,
6441.TW,2026-05-22,2026-05-22,True,False,False,
6442.TW,2026-05-22,2026-05-22,True,False,False,
6443.TW,2026-05-22,2026-05-22,True,False,False,
6449.TW,2026-05-22,2026-05-22,True,False,False,
6451.TW,2026-05-22,2026-05-21,False,False,False,
6456.TW,2026-05-22,2026-05-22,True,False,False,
6462.TW,2026-05-22,2026-05-22,True,False,False,
6465.TW,2026-05-22,2026-05-22,True,False,False,
6470.TW,2026-05-22,2026-05-22,True,False,False,
6474.TW,2026-05-22,2026-05-22,True,False,False,
6477.TW,2026-05-22,2026-05-22,True,False,False,
6485.TW,2026-05-22,2026-05-22,True,False,False,
6486.TW,2026-05-22,2026-05-22,True,False,False,
6488.TW,2026-05-22,2026-05-22,True,False,False,
6494.TW,2026-05-22,2026-05-22,True,False,False,
6498.TW,2026-05-22,2026-05-22,True,False,False,
6505.TW,2026-05-22,2026-05-22,True,False,False,
6510.TW,2026-05-22,2026-05-22,True,False,False,
6512.TW,2026-05-22,2026-05-22,True,False,False,
6515.TW,2026-05-22,2026-05-22,True,False,False,
6516.TW,2026-05-22,2026-05-22,True,False,False,
6517.TW,2026-05-22,2026-05-22,True,False,False,
6525.TW,2026-05-22,2026-05-22,True,False,False,
6526.TW,2026-05-22,2026-05-22,True,False,False,
6530.TW,2026-05-22,2026-05-22,True,False,False,
6531.TW,2026-05-22,2026-05-22,True,False,False,
6532.TW,2026-05-22,2026-05-22,True,False,False,
6533.TW,2026-05-22,2026-05-22,True,False,False,
6538.TW,2026-05-22,2026-05-22,True,False,False,
6546.TW,2026-05-22,2026-05-22,True,False,False,
6548.TW,2026-05-22,2026-05-22,True,False,False,
6552.TW,2026-05-22,2026-05-22,True,False,False,
6556.TW,2026-05-22,2026-05-22,True,False,False,
6558.TW,2026-05-22,2026-05-22,True,False,False,
6560.TW,2026-05-22,2026-05-22,True,False,False,
6561.TW,2026-05-22,2026-05-22,True,False,False,
6568.TW,2026-05-22,2026-05-22,True,False,False,
6570.TW,2026-05-22,2026-05-22,True,False,False,
6573.TW,2026-05-22,2026-05-22,True,False,False,
6577.TW,2026-05-22,2026-05-22,True,False,False,
6579.TW,2026-05-22,2026-05-22,True,False,False,
6584.TW,2026-05-22,2026-05-22,True,False,False,
6588.TW,2026-05-22,2026-05-22,True,False,False,
6590.TW,2026-05-22,2026-05-22,True,False,False,
6591.TW,2026-05-22,2026-05-22,True,False,False,
6593.TW,2026-05-22,2026-05-22,True,False,False,
6597.TW,2026-05-22,2026-05-22,True,False,False,
6613.TW,2026-05-22,2026-05-22,True,False,False,
6614.TW,2026-05-22,2026-05-22,True,False,False,
6640.TW,2026-05-22,2026-05-22,True,False,False,
6642.TW,2026-05-22,2026-05-22,True,False,False,
6643.TW,2026-05-22,2026-05-22,True,False,False,
6651.TW,2026-05-22,2026-05-22,True,False,False,
6654.TW,2026-05-22,2026-05-22,True,False,False,
6658.TW,2026-05-22,2026-05-22,True,False,False,
6664.TW,2026-05-22,2026-05-22,True,False,False,
6667.TW,2026-05-22,2026-05-22,True,False,False,
6668.TW,2026-05-22,2026-05-22,True,False,False,
6669.TW,2026-05-22,2026-05-22,True,False,False,
6670.TW,2026-05-22,2026-05-22,True,False,False,
6672.TW,2026-05-22,2026-05-22,True,False,False,
6674.TW,2026-05-22,2026-05-22,True,False,False,
6679.TW,2026-05-22,2026-05-22,True,False,False,
6680.TW,2026-05-22,2026-05-22,True,False,False,
6683.TW,2026-05-22,2026-05-22,True,False,False,
6684.TW,2026-05-22,2026-05-22,True,False,False,
6689.TW,2026-05-22,2026-05-22,True,False,False,
6690.TW,2026-05-22,2026-05-22,True,False,False,
6691.TW,2026-05-22,2026-05-22,True,False,False,
6693.TW,2026-05-22,2026-05-22,True,False,False,
6695.TW,2026-05-22,2026-05-22,True,False,False,
6697.TW,2026-05-22,2026-05-22,True,False,False,
6698.TW,2026-05-22,2026-05-22,True,False,False,
6706.TW,2026-05-22,2026-05-22,True,False,False,
6708.TW,2026-05-22,2026-05-22,True,False,False,
6715.TW,2026-05-22,2026-05-22,True,False,False,
6716.TW,2026-05-22,2026-05-22,True,False,False,
6719.TW,2026-05-22,2026-05-22,True,False,False,
6720.TW,2026-05-22,2026-05-22,True,False,False,
6722.TW,2026-05-22,2026-05-22,True,False,False,
6725.TW,2026-05-22,2026-05-22,True,False,False,
6727.TW,2026-05-22,2026-05-22,True,False,False,
6732.TW,2026-05-22,2026-05-22,True,False,False,
6735.TW,2026-05-22,2026-05-22,True,False,False,
6739.TW,2026-05-22,2026-05-22,True,False,False,
6741.TW,2026-05-22,2026-05-22,True,False,False,
6742.TW,2026-05-22,2026-05-21,False,False,False,
6743.TW,2026-05-22,2026-05-22,True,False,False,
6751.TW,2026-05-22,2026-05-22,True,False,False,
6752.TW,2026-05-22,2026-05-22,True,False,False,
6756.TW,2026-05-22,2026-05-22,True,False,False,
6757.TW,2026-05-22,2026-05-22,True,False,False,
6761.TW,2026-05-22,2026-05-22,True,False,False,
6763.TW,2026-05-22,2026-05-22,True,False,False,
6770.TW,2026-05-22,2026-05-22,True,False,False,
6776.TW,2026-05-22,2026-05-22,True,False,False,
6781.TW,2026-05-22,2026-05-22,True,False,False,
6788.TW,2026-05-22,2026-05-22,True,False,False,
6789.TW,2026-05-22,2026-05-22,True,False,False,
6791.TW,2026-05-22,2026-05-22,True,False,False,
6792.TW,2026-05-22,2026-05-22,True,False,False,
6799.TW,2026-05-22,2026-05-22,True,False,False,
6805.TW,2026-05-22,2026-05-22,True,False,False,
6811.TW,2026-05-22,2026-05-22,True,False,False,
6821.TW,2026-05-22,2026-05-22,True,False,False,
6823.TW,2026-05-22,2026-05-22,True,False,False,
6829.TW,2026-05-22,2026-05-22,True,False,False,
6830.TW,2026-05-22,2026-05-22,True,True,True,
6831.TW,2026-05-22,2026-05-22,True,True,True,
6834.TW,2026-05-22,2026-05-22,True,True,True,
6835.TW,2026-05-22,2026-05-22,True,True,True,
6840.TW,2026-05-22,2026-05-22,True,True,True,
6854.TW,2026-05-22,2026-05-22,True,True,True,
6855.TW,2026-05-22,2026-05-22,True,True,True,
6859.TW,2026-05-22,2026-05-22,True,True,True,
6862.TW,2026-05-22,2026-05-22,True,True,True,
6863.TW,2026-05-22,2026-05-22,True,True,True,
6865.TW,2026-05-22,2026-05-22,True,True,True,
6870.TW,2026-05-22,2026-05-22,True,True,True,
6874.TW,2026-05-22,2026-05-22,True,True,True,
6877.TW,2026-05-22,2026-05-22,True,True,True,
6884.TW,2026-05-22,2026-05-22,True,True,True,
6895.TW,2026-05-22,2026-05-22,True,True,True,
6899.TW,2026-05-22,2026-05-22,True,True,True,
6902.TW,2026-05-22,2026-05-22,True,True,True,
6903.TW,2026-05-22,2026-05-22,True,True,True,
6906.TW,2026-05-22,2026-05-22,True,True,True,
6907.TW,2026-05-22,2026-05-22,True,True,True,
6908.TW,2026-05-22,2026-05-22,True,True,True,
6909.TW,2026-05-22,2026-05-22,True,True,True,
6910.TW,2026-05-22,2026-05-22,True,True,True,
6913.TW,2026-05-22,2026-05-22,True,True,True,
6916.TW,2026-05-22,2026-05-22,True,True,True,
6919.TW,2026-05-22,2026-05-22,True,True,True,
6921.TW,2026-05-22,2026-05-22,True,True,True,
6922.TW,2026-05-22,2026-05-22,True,True,True,
6924.TW,2026-05-22,2026-05-22,True,True,True,
6925.TW,2026-05-22,2026-05-22,True,True,True,
6928.TW,2026-05-22,2026-05-22,True,True,True,
6933.TW,2026-05-22,2026-05-22,True,True,True,
6937.TW,2026-05-22,2026-05-22,True,True,True,
6953.TW,2026-05-22,2026-05-22,True,True,True,
6962.TW,2026-05-22,2026-05-22,True,True,True,
6967.TW,2026-05-22,2026-05-22,True,True,True,
6996.TW,2026-05-22,2026-05-22,True,True,True,
6997.TW,2026-05-22,2026-05-22,True,True,True,
7402.TW,2026-05-22,2026-05-22,True,True,True,
7547.TW,2026-05-22,2026-05-22,True,True,True,
7556.TW,2026-05-22,2026-05-22,True,True,True,
7631.TW,2026-05-22,2026-05-22,True,True,True,
7703.TW,2026-05-22,2026-05-22,True,True,True,
7704.TW,2026-05-22,2026-05-22,True,True,True,
7711.TW,2026-05-22,2026-05-22,True,True,True,
7712.TW,2026-05-22,2026-05-22,True,True,True,
7714.TW,2026-05-22,2026-05-22,True,True,True,
7717.TW,2026-05-22,2026-05-22,True,True,True,
7721.TW,2026-05-22,2026-05-22,True,True,True,
7722.TW,2026-05-22,2026-05-22,True,True,True,
7728.TW,2026-05-22,2026-05-22,True,True,True,
7730.TW,2026-05-22,2026-05-22,True,True,True,
7734.TW,2026-05-22,2026-05-22,True,True,True,
7738.TW,2026-05-22,2026-05-22,True,True,True,
7744.TW,2026-05-22,2026-05-22,True,True,True,
7747.TW,2026-05-22,2026-05-22,True,True,True,
7749.TW,2026-05-22,2026-05-22,True,True,True,
7751.TW,2026-05-22,2026-05-22,True,True,True,
7753.TW,2026-05-22,2026-05-22,True,True,True,
7765.TW,2026-05-22,2026-05-22,True,True,True,
7767.TW,2026-05-22,2026-05-22,True,True,True,
7768.TW,2026-05-22,2026-05-22,True,True,True,
7769.TW,2026-05-22,2026-05-22,True,True,True,
7770.TW,2026-05-22,2026-05-22,True,True,True,
7772.TW,2026-05-22,2026-05-22,True,True,True,
7788.TW,2026-05-22,2026-05-22,True,True,True,
7792.TW,2026-05-22,2026-05-22,True,True,True,
7795.TW,2026-05-22,2026-05-22,True,True,True,
7805.TW,2026-05-22,2026-05-22,True,True,True,
7810.TW,2026-05-22,2026-05-22,True,True,True,
7822.TW,2026-05-22,2026-05-22,True,True,True,
7823.TW,2026-05-22,2026-05-22,True,True,True,
7828.TW,2026-05-22,2026-05-22,True,True,True,
8011.TW,2026-05-22,2026-05-22,True,True,True,
8016.TW,2026-05-22,2026-05-22,True,True,True,
8021.TW,2026-05-22,2026-05-22,True,True,True,
8024.TW,2026-05-22,2026-05-22,True,True,True,
8028.TW,2026-05-22,2026-05-22,True,True,True,
8032.TW,2026-05-22,2026-05-22,True,True,True,
8034.TW,2026-05-22,2026-05-22,True,True,True,
8038.TW,2026-05-22,2026-05-22,True,True,True,
8039.TW,2026-05-22,2026-05-22,True,True,True,
8040.TW,2026-05-22,2026-05-22,True,True,True,
8042.TW,2026-05-22,2026-05-22,True,True,True,
8043.TW,2026-05-22,2026-05-22,True,True,True,
8044.TW,2026-05-22,2026-05-22,True,True,True,
8045.TW,2026-05-22,2026-05-22,True,True,True,
8046.TW,2026-05-22,2026-05-22,True,True,True,
8047.TW,2026-05-22,2026-05-22,True,True,True,
8048.TW,2026-05-22,2026-05-22,True,True,True,
8049.TW,2026-05-22,2026-05-22,True,True,True,
8050.TW,2026-05-22,2026-05-22,True,True,True,
8054.TW,2026-05-22,2026-05-22,True,True,True,
8059.TW,2026-05-22,2026-05-22,True,True,True,
8064.TW,2026-05-22,2026-05-22,True,True,True,
8067.TW,2026-05-22,2026-05-22,True,True,True,
8068.TW,2026-05-22,2026-05-22,True,True,True,
8069.TW,2026-05-22,2026-05-22,True,True,True,
8070.TW,2026-05-22,2026-05-22,True,True,True,
8071.TW,2026-05-22,2026-05-22,True,True,True,
8072.TW,2026-05-22,2026-05-22,True,True,True,
8074.TW,2026-05-22,2026-05-22,True,True,True,
8076.TW,2026-05-22,2026-05-22,True,True,True,
8081.TW,2026-05-22,2026-05-22,True,True,True,
8084.TW,2026-05-22,2026-05-22,True,True,True,
8085.TW,2026-05-22,2026-05-22,True,True,True,
8086.TW,2026-05-22,2026-05-22,True,True,True,
8088.TW,2026-05-22,2026-05-22,True,True,True,
8089.TW,2026-05-22,2026-05-22,True,True,True,
8091.TW,2026-05-22,2026-05-22,True,True,True,
8092.TW,2026-05-22,2026-05-22,True,True,True,
8093.TW,2026-05-22,2026-05-22,True,True,True,
8096.TW,2026-05-22,2026-05-22,True,True,True,
8097.TW,2026-05-22,2026-05-22,True,True,True,
8099.TW,2026-05-22,2026-05-22,True,True,True,
8101.TW,2026-05-22,2026-05-22,True,True,True,
8102.TW,2026-05-22,2026-05-22,True,True,True,
8103.TW,2026-05-22,2026-05-22,True,True,True,
8104.TW,2026-05-22,2026-05-22,True,True,True,
8105.TW,2026-05-22,2026-05-22,True,True,True,
8109.TW,2026-05-22,2026-05-22,True,True,True,
8110.TW,2026-05-22,2026-05-22,True,True,True,
8111.TW,2026-05-22,2026-05-22,True,True,True,
8112.TW,2026-05-22,2026-05-22,True,True,True,
8114.TW,2026-05-22,2026-05-22,True,True,True,
8121.TW,2026-05-22,2026-05-22,True,True,True,
8131.TW,2026-05-22,2026-05-22,True,True,True,
8147.TW,2026-05-22,2026-05-22,True,True,True,
8150.TW,2026-05-22,2026-05-22,True,True,True,
8155.TW,2026-05-22,2026-05-22,True,True,True,
8162.TW,2026-05-22,2026-05-22,True,True,True,
8163.TW,2026-05-22,2026-05-22,True,True,True,
8176.TW,2026-05-22,2026-05-22,True,True,True,
8182.TW,2026-05-22,2026-05-22,True,True,True,
8183.TW,2026-05-22,2026-05-22,True,True,True,
8201.TW,2026-05-22,2026-05-22,True,True,True,
8210.TW,2026-05-22,2026-05-22,True,True,True,
8213.TW,2026-05-22,2026-05-22,True,True,True,
8215.TW,2026-05-22,2026-05-22,True,True,True,
8227.TW,2026-05-22,2026-05-22,True,True,True,
8234.TW,2026-05-22,2026-05-22,True,True,True,
8240.TW,2026-05-22,2026-05-22,True,True,True,
8249.TW,2026-05-22,2026-05-22,True,True,True,
8261.TW,2026-05-22,2026-05-22,True,True,True,
8271.TW,2026-05-22,2026-05-22,True,True,True,
8272.TW,2026-05-22,2026-05-22,True,True,True,
8277.TW,2026-05-22,2026-05-22,True,True,True,
8284.TW,2026-05-22,2026-05-22,True,True,True,
8289.TW,2026-05-22,2026-05-22,True,True,True,
8291.TW,2026-05-22,2026-05-22,True,True,True,
8299.TW,2026-05-22,2026-05-22,True,True,True,
8358.TW,2026-05-22,2026-05-22,True,True,True,
8383.TW,2026-05-22,2026-05-22,True,True,True,
8410.TW,2026-05-22,2026-05-22,True,True,True,
8416.TW,2026-05-22,2026-05-22,True,True,True,
8422.TW,2026-05-22,2026-05-22,True,True,True,
8431.TW,2026-05-22,2026-05-22,True,True,True,
8454.TW,2026-05-22,2026-05-22,True,True,True,
8455.TW,2026-05-22,2026-05-22,True,True,True,
8472.TW,2026-05-22,2026-05-22,True,True,True,
8477.TW,2026-05-22,2026-05-22,True,True,True,
8487.TW,2026-05-22,2026-05-22,True,True,True,
8499.TW,2026-05-22,2026-05-22,True,True,True,
9904.TW,2026-05-22,2026-05-22,True,True,True,
9912.TW,2026-05-22,2026-05-22,True,True,True,
